{"cameraMode":{"drawMode":0,"name":"Shaded","section":"Shading Mode"},"sceneLighting":true,"audioPlay":false,"sceneViewState":{"showFog":true,"showMaterialUpdate":false,"showSkybox":true,"showFlares":true,"showImageEffects":true,"showParticleSystems":true},"in2DMode":false,"pivot":{"x":1.8472490310668946,"y":-0.608889102935791,"z":-1.2161836624145508},"rotation":{"x":-0.1570081263780594,"y":-0.22595344483852387,"z":0.03692806884646416,"w":-0.9606924057006836},"size":15.002786636352539,"orthographic":false}