{"cameraMode":{"drawMode":0,"name":"Shaded","section":"Shading Mode"},"sceneLighting":true,"audioPlay":false,"sceneViewState":{"showFog":true,"showMaterialUpdate":false,"showSkybox":true,"showFlares":true,"showImageEffects":true,"showParticleSystems":true},"in2DMode":false,"pivot":{"x":12.096827507019043,"y":2.2592241764068605,"z":-46.39141845703125},"rotation":{"x":-0.049171607941389087,"y":-0.26349595189094546,"z":0.013449964113533497,"w":-0.9633126258850098},"size":1083.8883056640625,"orthographic":false}